filename,caption
10000.jpg,white skirt with a green patch on the side
10001.jpg,a close up of a denim skirt with a buttoned closure
10002.jpg,a close up of a denim skirt with a green patch on the front
10004.jpg,a close up of a pair of black and blue shorts
10018.jpg,in a gray and black shorts
10020.jpg,a close up of a black and white shorts with a white stripe
10021.jpg,nike white shorts with black side stripe
10033.jpg,a close up of a pair of black shorts with blue trim
10052.jpg,in black and white shorts
10257.jpg,in a white and black pants
10258.jpg,in a white and black pants
10259.jpg,in a white and black pants
10260.jpg,in a white and gray pants
10261.jpg,in a white and khaki pants
10262.jpg,in a white and black pants
10351.jpg,in a skirt and black
10366.jpg,in a black skirt and grey
10438.jpg,in a green and jeans
10445.jpg,in jeans and sneakers
10485.jpg,in jeans and a gray
10487.jpg,in a green and jeans
10488.jpg,in jeans and a gray
10489.jpg,in a green and jeans
10597.jpg,in blue and jeans
10652.jpg,denim skirt with a bow tie and a pink bow
10654.jpg,a close up of a skirt with a purple bow on a
10655.jpg,a close up of a skirt with a purple bow on a
10660.jpg,a close up of a pair of blue denim shorts with buttons
10661.jpg,a close up of a pair of blue denim shorts with a
10671.jpg,camouflage cargo shorts with a logo on the side
10720.jpg,picture of a white short with a black and orange logo
10778.jpg,nike shorts with a grey and orange color scheme
11098.jpg,a close up of a in purple pants and black shoes
11099.jpg,in black leggings and a white
11233.jpg,in a blue and black pants
11234.jpg,in a white and jeans standing up
11235.jpg,in jeans and heels standing in front of a
11236.jpg,in jeans and heels standing in front of a
11237.jpg,in black and jeans
11239.jpg,a close up of a in a white and jeans
11240.jpg,in a white and jeans standing with her hands in her pockets
11241.jpg,in white and jeans standing with her hands in her pockets
11242.jpg,in black pants and heels standing in front of a
11243.jpg,in jeans and heels standing in front of a
11244.jpg,in white and jeans standing with her hands in her pockets
11248.jpg,in a black and khaki pants
11253.jpg,in a white and brown pants with a black belt
11260.jpg,there a green skirt with a frog on it
11262.jpg,in a black and khaki pants with a black belt
11263.jpg,in a black and khaki pants
11264.jpg,a close up of a in a dress and tie
11265.jpg,in a blue and gray pants
11266.jpg,in a black and gray pants with a black belt
11267.jpg,in a blue and gray pants standing
11268.jpg,in a black and khaki pants with a belt
11279.jpg,in a red and jeans
11280.jpg,in a green and black pants standing
11281.jpg,in jeans and a brown
11282.jpg,in a striped and jeans
11283.jpg,in a blue sweater and jeans
11284.jpg,in a green and jeans
11285.jpg,in jeans and a black sweater
11286.jpg,in jeans and a gray
11287.jpg,in a green and jeans
11288.jpg,in jeans and a brown
11289.jpg,in a plaid and jeans
11290.jpg,in a red and jeans
11291.jpg,in a yellow and jeans standing with his hands on his hips
11292.jpg,in a yellow and jeans
11293.jpg,in a blue sweater and jeans
11294.jpg,in a green and jeans
11295.jpg,in a green and jeans
11296.jpg,in a blue sweater and jeans
11297.jpg,in a striped and jeans
11298.jpg,in a plaid and jeans
11301.jpg,in jeans and a plaid standing with her hands in her pockets
11302.jpg,in jeans and a colorful
11303.jpg,in a plaid and jeans
11304.jpg,in jeans and a t - with an american flag on it
11305.jpg,in jeans and a t - standing with her hands in her pockets
11306.jpg,in a blue sweater and jeans standing with her hands in her pockets
11307.jpg,in blue and jeans
11308.jpg,in a red and black pants with a belt
11309.jpg,in a yellow and jeans
11310.jpg,in a green and jeans
11311.jpg,in a green and jeans
11312.jpg,in a blue and tan pants
11315.jpg,in jeans and heels standing with her hands in her pockets
11316.jpg,in a white and khaki pants
11317.jpg,in blue and jeans
11318.jpg,in blue and jeans standing with her hands in her pockets
11320.jpg,in a striped sweater and jeans
11323.jpg,in a striped sweater and jeans
11324.jpg,in a blue and gray pants with a tie
11327.jpg,in a striped sweater and jeans
11328.jpg,in a striped sweater and jeans
11329.jpg,in a blue and gray pants standing
11330.jpg,in a yellow and jeans
11331.jpg,in a striped sweater and jeans
11332.jpg,in a black sweater and jeans
11334.jpg,in a yellow and jeans
11335.jpg,in a black sweater and jeans
11336.jpg,in a striped sweater and jeans
11339.jpg,in a green and jeans
11340.jpg,in jeans and a t -
11341.jpg,in jeans and a black
11342.jpg,in a blue and tan pants standing against a black wall
11343.jpg,in a white jacket and blue jeans
11344.jpg,in jeans and a brown
11345.jpg,in a black and white dress
11346.jpg,in a brown and jeans
11347.jpg,in a brown and jeans
11348.jpg,in a black and jeans standing with his hands on his hips
11349.jpg,in jeans and a sweater
11350.jpg,in a plaid and jeans
11351.jpg,in a yellow and jeans
11353.jpg,in a plaid and jeans
11354.jpg,in a plaid and jeans
11520.jpg,in a white and black jeans
12044.jpg,in a green sweater and jeans
12154.jpg,in a white and black pants
12155.jpg,in a white and tan pants
12156.jpg,in white and pants standing with her hands in her pockets
12157.jpg,in orange pants and a white
12158.jpg,in a white and blue pants
12159.jpg,a close up of a wearing a white and red pants
12160.jpg,a close up of a in a white and yellow pants
12161.jpg,in a white and green pants
12162.jpg,wearing a white and turquoise pants with a white
12163.jpg,a close up of a wearing a white and purple pants
12212.jpg,in a blue and brown pants standing
12213.jpg,there a
12214.jpg,in a white and blue pants standing
12215.jpg,in a white and blue pants standing
12216.jpg,in a blue and black pants with a tie
12217.jpg,in a black and white pants
12218.jpg,in a white and tan pants with a tie
12219.jpg,in a blue and brown pants with a tie
12220.jpg,in a striped and black pants with a tie
12221.jpg,in a blue and tan pants standing
12222.jpg,in a blue and black pants standing
12223.jpg,in a dress and slacks
12224.jpg,in a blue and brown pants
12285.jpg,in a white and black pants standing
12286.jpg,in a white and blue pants standing
12287.jpg,in a blue and gray pants standing
12288.jpg,in a white and gray pants standing
12289.jpg,in a blue and black pants standing
12290.jpg,in a blue and gray pants standing
12331.jpg,in black and jeans
12333.jpg,in jeans and heels standing in front of a
12338.jpg,a close up of a in jeans with her hands on her hips
12344.jpg,in a colorful dress
12670.jpg,in a red and blue plaid shorts
12671.jpg,a close up of a wearing a black sweater and red and white plaid shorts
12672.jpg,in a blue and plaid shorts
12673.jpg,in a red and white and khaki pants
12674.jpg,in a white and khaki pants
12675.jpg,in a white and green pants with a skateboard
12676.jpg,in a red and white and black pants
12677.jpg,in a white and gray pants with a red tie
12678.jpg,in a white and gray pants with a skateboard
12679.jpg,in a red and white and black pants
12748.jpg,in a blue and black pants standing
12751.jpg,in jeans and a black
12752.jpg,in a green sweater and jeans
12753.jpg,in a striped and black pants standing
12754.jpg,in black and jeans
12758.jpg,in a green and jeans
12759.jpg,in black and jeans standing with her hands in her pockets
12760.jpg,in black and jeans standing with her hands in her pockets
12762.jpg,in a plaid and jeans
12765.jpg,in a yellow and black jeans
12812.jpg,a close up of a soccer player ' s shorts with a manchester logo
12828.jpg,in a black and jeans
12839.jpg,a close up of a skirt with a red ribbon on it
12848.jpg,a close up of a skirt with a red and blue plaid pattern
12953.jpg,in a red and white and black pants
13110.jpg,in a blue and black shorts
13111.jpg,in a blue and black shorts standing
13112.jpg,in a blue and black shorts standing
13113.jpg,in a blue and khaki shorts
13222.jpg,image of a pair of jeans shorts with a buttoned closure
13223.jpg,image of a pair of jeans shorts with a buttoned closure
13228.jpg,a close up of a wearing a pair of black pants
13229.jpg,a close up of a pair of black cargo pants with a white logo
13230.jpg,a close up of a pair of blue jeans shorts with a button
13231.jpg,a close up of a pair of blue jeans shorts with a button
13236.jpg,a close up of a pair of shorts with a small patch on the side
13237.jpg,a close up of a pair of shorts with a small patch on the side
13242.jpg,image of a pair of shorts with the word ' f ' written on it
13243.jpg,image of a pair of shorts with the word ' f ' written on it
13244.jpg,image of a black shorts with a green logo on the side
13245.jpg,image of a black shorts with a green logo on the side
13246.jpg,jeans with a zipper on the side and a buttoned closure
13247.jpg,a close up of a pair of jeans on a
13248.jpg,black pants with a zipper and a belt
13249.jpg,a close up of a wearing black pants and a white
13250.jpg,there a picture of a pair of pants with a belt
13251.jpg,white pants with cargo pockets and a belt
13255.jpg,a close up of a white and black plaid shorts with a belt
13256.jpg,a close up of a white and black plaid shorts with a belt
13258.jpg,a close up of a pair of purple shorts with a green bird on the side
13259.jpg,a close up of a pair of jeans on a
13260.jpg,a close up of a pair of jeans on a
13261.jpg,a close up of a pair of jeans on a
13262.jpg,a close up of a pair of jeans on a
13263.jpg,skirt with a plea and buttons on the front
13264.jpg,skirt with a plea and buttons on the front
13284.jpg,a close up of a pair of black shorts with buttons
13285.jpg,a close up of a pair of black shorts with buttons
13288.jpg,a close up of a ' s pants with a belt on a
13293.jpg,a close up of a white shorts with a button on the side
13298.jpg,a close up of a white shorts with a black logo on the side
13299.jpg,a close up of a white shorts with a belt on a
13300.jpg,a close up of a pair of shorts with a
13301.jpg,a close up of a pair of shorts with a
13302.jpg,image of a ' s shorts with a belt
13303.jpg,image of a ' s shorts with a belt
13304.jpg,a close up of a red skirt with a buttoned closure
13305.jpg,a close up of a red skirt with a buttoned closure
13306.jpg,view of a pair of black pants with a belt
13307.jpg,view of a pair of black pants with a belt
13339.jpg,black skirt with a buttoned front and a plea
13340.jpg,a close up of a black skirt with a button on the side
13343.jpg,a close up of a black shorts with a logo on the side
13344.jpg,there a black shorts with a belt on it
13346.jpg,in black and jeans
13347.jpg,in black and jeans standing with her hands in her pockets
13348.jpg,in black and jeans
13349.jpg,in black and jeans standing with her hands in her pockets
13350.jpg,in black and jeans
13351.jpg,in black jeans and heels standing in front of a
13490.jpg,in blue shorts and a gray t -
13514.jpg,a close up of a denim skirt with a belt on a
13515.jpg,a close up of a denim skirt with a belt on a
13516.jpg,a close up of a denim skirt with a belt on a
13528.jpg,in blue sweater and jeans
13669.jpg,in a dress and tie
13671.jpg,there a picture of a pair of jeans on a
13672.jpg,there a picture of a pair of jeans on a
13778.jpg,in a blue and gray pants
13779.jpg,in a blue and white pants standing
13780.jpg,in a blue and tan pants standing
13781.jpg,in a black and grey pants standing
13782.jpg,in a black and black pants with a tie
13783.jpg,in a blue and tan pants standing
13784.jpg,in a pink and black pants standing
13785.jpg,in a green and black pants standing
13836.jpg,in a blue and shorts
13855.jpg,in a dress and tie
13888.jpg,in a dress and tie
13948.jpg,in a purple and jeans
14021.jpg,nike shorts with a logo on the side and a white waistband
14022.jpg,nike shorts with a logo on the side and a black waistband
14023.jpg,nike women ' s dry - fit shorts - black
14024.jpg,a close up of a pair of black shorts with blue trim
14025.jpg,white and blue shorts with a black stripe
14114.jpg,in blue and jeans
14116.jpg,in a blue and jeans
14117.jpg,in jeans and heels standing in front of a
14118.jpg,in a striped and jeans
14121.jpg,in a maroon and jeans
14122.jpg,in a black and jeans
14123.jpg,in a blue sweater and jeans
14124.jpg,in striped and jeans
14125.jpg,in a striped and jeans
14126.jpg,in jeans and heels standing with her hands in her pockets
14127.jpg,in striped and jeans
14128.jpg,in jeans and a t - standing with her hands in her pockets
14129.jpg,in a purple and jeans
14130.jpg,in a striped and jeans
14131.jpg,in black jeans and a black with a flower print
14285.jpg,in a dress and tie
14286.jpg,in a dress and tie
14319.jpg,in a blue and white shorts
14320.jpg,in a blue and gray shorts standing
14321.jpg,in blue and shorts
14625.jpg,in a black and jeans
14630.jpg,in a skirt and heels standing with her hands on her hips
14657.jpg,in green and jeans
14658.jpg,in a green and gray pants
14659.jpg,in a green and khaki pants
14688.jpg,in a yellow and white pants standing
14689.jpg,in a green and gray pants standing
14690.jpg,in a yellow and gray pants standing
14691.jpg,in a black and khaki pants
14693.jpg,in a plaid and black pants standing
14694.jpg,in a yellow and green pants standing
14695.jpg,in a yellow and black pants standing
14696.jpg,in a striped and pants
14697.jpg,in a black and khaki pants
14698.jpg,in a striped and khaki pants
14699.jpg,in a plaid and black pants standing
14700.jpg,in a green and khaki pants
14701.jpg,in a striped and cargo pants
14713.jpg,in a dress and tie
14714.jpg,a close up of a in a dress and pants
14931.jpg,in a blue and plaid shorts
14932.jpg,in a blue and plaid shorts standing
14933.jpg,in a blue and plaid shorts standing
14934.jpg,in a blue and red plaid shorts
14935.jpg,in a black and plaid shorts
14936.jpg,in a striped and khaki shorts
14937.jpg,in a striped and shorts
14938.jpg,in a striped and khaki shorts
14939.jpg,in a striped and khaki shorts
14940.jpg,in a striped and shorts
14941.jpg,in a blue and white shorts standing
15109.jpg,in a blue and black pants
15110.jpg,in a dress and tie
15111.jpg,in a dress and tie
15112.jpg,in a dress and slacks
15113.jpg,in a blue and black pants
15114.jpg,in a blue and gray pants
15115.jpg,in a blue and black pants
15116.jpg,in a blue and gray pants standing
15117.jpg,in a blue and gray pants standing
15118.jpg,in a blue and black pants standing
15119.jpg,in a blue and gray pants standing
15120.jpg,in a blue and black pants
15121.jpg,in a blue and black pants
15122.jpg,in a dress and tie
15123.jpg,in a blue and gray pants
15124.jpg,in a blue and gray pants with a black belt
15125.jpg,in a dress and tie
15127.jpg,in a blue and brown pants with a tie
15128.jpg,in a blue and tan pants
15129.jpg,in a striped sweater and green pants
15132.jpg,in a blue and black pants
15134.jpg,in a striped sweater and gray pants
15330.jpg,a close up of a black shorts with a white logo on the side
15331.jpg,a close up of a white tennis short with a black stripe
15333.jpg,nike men ' s dry - fit shorts with pockets
15334.jpg,nike men ' s dry - fit running shorts
15335.jpg,a close up of a pair of shorts with a white logo on the side
15336.jpg,a close up of a pair of shorts with a white logo on the side
15339.jpg,nike running shorts with yellow trims and a white and black logo
15340.jpg,nike shorts with white trims and black and white logo
15341.jpg,nike women ' s dry - fit running shorts
15467.jpg,araffes wearing a pair of black shorts with a white elephant on it
15481.jpg,in a green and black shorts with a blue stripe
15560.jpg,in striped and jeans
15561.jpg,in a striped and jeans
15562.jpg,in striped and jeans
15609.jpg,view of a pair of men ' s nike shorts
15610.jpg,nike men ' s black and red shorts with side stripe
15613.jpg,a close up of a black short with white stripes on the side
15644.jpg,a close up of a pair of shorts with a white nike logo
15645.jpg,nike shorts with a white logo on the side
1567.jpg,a close up of a in a white and black shorts
15670.jpg,in a green and jeans
15671.jpg,in red and jeans
15672.jpg,in red and jeans
15673.jpg,in red and jeans
15674.jpg,in a green and jeans
15675.jpg,in red and jeans
15676.jpg,in a green and jeans
15677.jpg,in a blue and khaki pants standing
15678.jpg,in a blue and khaki pants
15679.jpg,in a blue and khaki pants
15680.jpg,in a blue and khaki pants
15681.jpg,in a blue and khaki pants
15682.jpg,in a blue and khaki pants
15683.jpg,in a blue and khaki pants
15684.jpg,in a blue and khaki pants
15685.jpg,in a blue and khaki pants
15686.jpg,in a blue and khaki pants
15687.jpg,in a blue and khaki pants
15688.jpg,in a blue and khaki pants
1569.jpg,in black shorts with yellow trim and white
15748.jpg,in a white and gray pants standing
15749.jpg,in a blue sweater and black pants standing
1591.jpg,a close up of a red shorts with a white logo on the side
16018.jpg,in a striped and khaki pants
16019.jpg,in a striped and gray pants standing
16020.jpg,in a striped and gray pants standing
16021.jpg,in a striped and black pants standing
16022.jpg,in striped and pants
16054.jpg,in striped and gray pants
16055.jpg,in blue and black pants
16056.jpg,in a green and khaki pants
16057.jpg,in a blue and brown pants standing
16058.jpg,in a blue and khaki pants
16059.jpg,in a green and gray pants standing
16060.jpg,in a blue and khaki pants
16061.jpg,in a green and khaki pants
16062.jpg,in blue and black pants
16063.jpg,in a green and gray pants standing
16064.jpg,in a blue sweater and black pants standing
16065.jpg,in blue and black pants
16066.jpg,in a gray sweater and black pants
16067.jpg,in striped and black pants
16068.jpg,in striped and gray pants
16069.jpg,in blue and black pants
16070.jpg,in a green and khaki pants
16071.jpg,in a striped and khaki pants
16072.jpg,in a gray jacket and black pants standing
1619.jpg,in a white and gray shorts with a black and white picture on the back
1620.jpg,in a white and blue shorts with a black and white picture
1621.jpg,in black and white shorts with a white
16330.jpg,in a striped and khaki pants
16368.jpg,in a pink and gray pants
16369.jpg,in a pink and gray pants
16370.jpg,in a pink and gray pants standing
16373.jpg,in a white and gray pants standing
16374.jpg,in a white and black pants standing
16375.jpg,in a dress and tie
16376.jpg,in a dress and tie
16378.jpg,in a dress and tie
16379.jpg,in a white and black pants standing
16380.jpg,in a pink and black pants
16381.jpg,in a white and blue pants
16382.jpg,in a white and gray pants with a black belt
16390.jpg,in a pink and green pants standing
16391.jpg,in a dress and tie
16504.jpg,in a red and jeans
16505.jpg,in black and jeans
16506.jpg,in blue and jeans
16507.jpg,in a blue sweater and jeans
16508.jpg,in red and jeans
16509.jpg,in blue and jeans
16510.jpg,in a black and jeans
16511.jpg,in a red and jeans
16512.jpg,in blue and jeans
16513.jpg,in a black and jeans
16514.jpg,in striped and jeans
16515.jpg,in a black and jeans
16516.jpg,in a red and jeans
16517.jpg,in black and jeans
16518.jpg,in striped and jeans
16519.jpg,in blue and jeans
16520.jpg,in black and jeans
16521.jpg,in blue and jeans
16522.jpg,in black and jeans
16609.jpg,in a white and gray pants with a black belt
16610.jpg,in a dress and tie
16611.jpg,in a white and black pants with a tie
16612.jpg,in a dress and tie
16613.jpg,in a dress and tie
16614.jpg,in a dress and tie
16615.jpg,in a white and black pants standing
16621.jpg,in a striped and gray pants standing
16622.jpg,in a striped sweater and khaki pants
16623.jpg,in a striped sweater and jeans
16624.jpg,in a striped and gray pants standing
16798.jpg,in a blue sweater and black pants standing
16799.jpg,in a black and gray pants standing
16800.jpg,in a striped and black pants standing
16801.jpg,in a black and khaki pants
16803.jpg,white shorts with a zipper on the side
16805.jpg,a close up of a skirt with a black and white pattern
16806.jpg,a close up of a white shorts with a pink and yellow flower design
16819.jpg,in jeans and a black
16820.jpg,in jeans and a black
16917.jpg,in a blue and black striped and jeans
16918.jpg,in a green and jeans
16919.jpg,in a green and jeans
16920.jpg,in a blue and black striped and jeans
16921.jpg,in a black sweater and jeans
17291.jpg,in a gray sweater and tan pants standing
17577.jpg,in a dress and tie
17579.jpg,in a white and gray pants standing
17580.jpg,in a blue and black pants standing
17618.jpg,black pants with ruffles on the bottom and bottom
17619.jpg,there a white pair of pants with a zipper on the bottom
17620.jpg,red pants with a bow on the side
17621.jpg,araffed leggings with ruffles on a
17934.jpg,in a red and black shorts
17939.jpg,in a red and white pants with a tennis racket
18005.jpg,in a red and black shorts
1804.jpg,a close up of a in a blue and black shorts
18180.jpg,there a picture of a child ' s jeans and belt
18181.jpg,there a picture of a pair of jeans on a
18185.jpg,in a striped and jeans
18193.jpg,in a black and jeans
18196.jpg,in a blue and brown pants
18197.jpg,in a dress and tie
18198.jpg,in a white and blue pants with a black belt
18486.jpg,in blue and jeans standing with her hands in her pockets
18487.jpg,in jeans and a green
18488.jpg,in striped and jeans
18710.jpg,in a skirt and a white
18711.jpg,in a pink and skirt
18712.jpg,in a skirt and standing with her hands in her pockets
18713.jpg,in a skirt and standing with her hands in her pockets
1885.jpg,in shorts with a blue and a blue
18867.jpg,in a blue and grey shorts
18868.jpg,in a red and blue shorts
19240.jpg,in blue shorts and a black standing
19419.jpg,in a gray and pink shorts standing
19420.jpg,in a gray and blue shorts standing
19430.jpg,in a gray and shorts
19431.jpg,in a gray and blue shorts
19438.jpg,in a green and blue shorts standing
19481.jpg,in a blue and black shorts standing
19687.jpg,in a black and grey shorts standing
19688.jpg,in a black and plaid shorts standing
1976.jpg,in white and plaid shorts
1977.jpg,in a white and grey shorts with a skateboard
1981.jpg,araffed in yellow and green plaid shorts
1982.jpg,araffed in a yellow and plaid shorts
19948.jpg,in a white and black shorts
1997.jpg,in a white and grey shorts with a white
20350.jpg,in a red and jeans
20351.jpg,in a black and jeans
20353.jpg,in a black sweater and jeans
20357.jpg,in a black and jeans
20910.jpg,in jeans and sneakers
20913.jpg,in jeans and sneakers
20915.jpg,in a black and jeans
20918.jpg,in a black and jeans
20919.jpg,in a blue and plaid shorts standing
20920.jpg,in a blue and plaid shorts
20921.jpg,in a blue and grey shorts
2106.jpg,in black shorts and white with a tennis racket
2107.jpg,in black shorts and white with a tennis racket
2108.jpg,in black shorts and white
2117.jpg,in a red and blue shorts standing
21382.jpg,in a grey and white shorts
21431.jpg,in blue and white shorts standing with her hands in her pockets
21433.jpg,in a black and blue shorts
21434.jpg,a close up of a in a blue and blue shorts
21582.jpg,in a green and jeans with heels
21583.jpg,in striped and jeans
21584.jpg,in striped and jeans
21585.jpg,in a green and jeans
21586.jpg,in a brown sweater and jeans
21587.jpg,in a brown and jeans
21590.jpg,in a black and gray shorts standing
21592.jpg,in a black and gray shorts standing
21598.jpg,in a blue and black pants standing
21599.jpg,in a dress and slacks
2187.jpg,in a grey and black shorts with his hands in his pockets
2191.jpg,in a white and grey shorts with a tennis racket
2192.jpg,in a gray and white shorts with a black and gold design
2193.jpg,in a white and blue shorts
22369.jpg,in a blue and pants
22370.jpg,in a blue and khaki pants standing
22409.jpg,in a striped and blue pants standing
22454.jpg,in a white and red pants
22456.jpg,in a white and teal pants
22457.jpg,in white and pants standing with her hands in her pockets
22458.jpg,araffes in a white and pink pants with sandals
22459.jpg,a close up of a wearing purple pants and a white
22461.jpg,araffes in a white and pink pants with sandals
22462.jpg,in a white and yellow pants
22463.jpg,a close up of a wearing a white and red pants
22464.jpg,a close up of a wearing a white and black pants
22465.jpg,in a white and pink pants
22466.jpg,in white pants and a white with a white
22584.jpg,a close up of a pair of shorts with a belt on a
22589.jpg,view of a pair of blue shorts with a white stripe
22590.jpg,a close up of a pair of shorts with a grey and orange side stripe
22604.jpg,nike men ' s dry - fit shorts with mesh pockets
22607.jpg,nike shorts with a logo on the side and a black waistband
22644.jpg,nike shorts with a logo on the side and a belt
22784.jpg,in striped and jeans
22786.jpg,in a striped and jeans
22787.jpg,in a blue sweater and jeans
22797.jpg,in shorts with a number on the side of his chest
22798.jpg,in a blue and white shorts with a tennis racket
22814.jpg,in a white and blue shorts with a soccer ball on it
22905.jpg,in a dress and tie
22987.jpg,in a grey and black shorts standing
22988.jpg,in a red and grey shorts with a black and white stripe
23038.jpg,in a pink and khaki pants
23039.jpg,in a dress and tan pants standing
23040.jpg,in a dress and tie
23041.jpg,in a dress and tie
23042.jpg,in a dress and tie
23043.jpg,a in a black and blue jeans stands on a
23044.jpg,in a gray sweater and black pants
23045.jpg,a close up of a wearing a black sweater and grey pants
23046.jpg,araffes in a green sweater and leopard print pants
23072.jpg,in a blue and black pants standing
23073.jpg,in a white and gray pants standing
23088.jpg,in a black sweater and gray pants standing
23089.jpg,in a black and khaki pants
23301.jpg,a close up of a wearing a white and tan pants
23302.jpg,a close up of a wearing a white and black pants
23303.jpg,a close up of a wearing a white and red pants
23400.jpg,in jeans and a floral standing up
23401.jpg,in jeans and a plaid
23450.jpg,in a purple and black pants standing
23451.jpg,in black and jeans
23453.jpg,in black sweater and jeans
23455.jpg,in jeans and a black sweater
23457.jpg,in jeans and a black sweater
23665.jpg,in a striped and jeans
24194.jpg,in a sweater and jeans
24199.jpg,in a sweater and jeans
24202.jpg,in a sweater and jeans
24204.jpg,in a sweater and jeans
24264.jpg,in a gray and green shorts
24308.jpg,in a red and white shorts with a tennis racket
24309.jpg,in a red and grey shorts standing
24311.jpg,in a red and black shorts
24312.jpg,in a red and black shorts
24607.jpg,in blue sweater and jeans
24614.jpg,in a red and grey shorts
24692.jpg,in a sweater and jeans
24753.jpg,in a plaid and jeans
24754.jpg,in jeans and heels
24755.jpg,in a green and jeans
24848.jpg,in a striped and jeans
24992.jpg,a close up of a pink shorts with a button on the front
24993.jpg,there a picture of a pair of shorts that are on a
24995.jpg,image of a pair of blue jeans shorts on a
24996.jpg,in a striped and jeans
25024.jpg,nike performance shorts - navy / orange
25029.jpg,nike shorts with pink trims and black and red logo
25030.jpg,a close up of a pair of shorts with orange trims
25036.jpg,a close up of a ' s leggings with a black belt
25037.jpg,purple pants with a red logo on the bottom
25039.jpg,a close up of a pair of black pants with white letters
2574.jpg,in a yellow and grey shorts
2579.jpg,in a yellow and blue shorts
25889.jpg,in black and white pants
25890.jpg,in black and white leggings
25896.jpg,in black and black leggings standing on
25897.jpg,a pregnant in a black and green leggings
25898.jpg,in black dress and black shoes standing in front of a
25899.jpg,in black dress and black tights
25900.jpg,in black and blue leggings standing
25901.jpg,a close up of a in a black and pink pants
25902.jpg,in black dress and grey tights
25903.jpg,a close up of a wearing a black and leggings
25904.jpg,a in a black and purple pants
25905.jpg,in black and blue leggings
25906.jpg,a in a black and maroon leggings
25909.jpg,a close up of a in a black and pink tights
25912.jpg,in black and white pants
25913.jpg,a close up of a in a black and blue pants
25914.jpg,in a black and green pants
25915.jpg,in black and grey leggings
25929.jpg,in black and black pants with black shoes
25930.jpg,in a skirt and blouse
25931.jpg,a close up of a in a skirt with a black
26132.jpg,in a dress and tie
26133.jpg,in a green and gray pants
26134.jpg,in a dress and tie
26135.jpg,in a dress and tan pants standing
26136.jpg,in a dress and slacks
26138.jpg,in a blue and black pants with a tie
26139.jpg,in a blue and gray pants standing
26140.jpg,in a dress and tie
26141.jpg,in a dress and tie
26142.jpg,in a dress and tie
26143.jpg,in a green and gray pants
26144.jpg,in a dress and tie
26145.jpg,in a blue and black pants
26146.jpg,in a dress and tie
26148.jpg,in a dress and tie
26149.jpg,in a dress and tie
26150.jpg,in a blue and gray pants
26151.jpg,in a blue and black pants standing
26152.jpg,in a dress and tie
26153.jpg,in a dress and tie
26154.jpg,in a dress and tie
26155.jpg,in a blue and black pants
26156.jpg,in a blue and black pants standing
26157.jpg,in a dress and tie
26158.jpg,in a blue and gray pants
26159.jpg,in a dress and tie
26160.jpg,in a blue and black pants
26162.jpg,in a dress and tie
26163.jpg,in a gray dress and black pants
26164.jpg,in a blue and gray pants standing
26166.jpg,in a dress and tie
26169.jpg,in a blue and black pants
26240.jpg,in a gray and black shorts standing
26243.jpg,in a black and white shorts
26251.jpg,in grey shorts and sneakers
26310.jpg,in a gray and black shorts standing
26311.jpg,in a gray and black shorts standing
26312.jpg,in a gray and black shorts standing
26364.jpg,in a skirt and standing with her hands in her pockets
26372.jpg,in a pink and grey pants
26379.jpg,in blue and gray pants
26380.jpg,in a dress and tie
26382.jpg,in a dress and tie
26383.jpg,in a dress and tie
26384.jpg,in a dress and tie
26465.jpg,in black shorts and a black standing
26504.jpg,in a white and black pants with a tie
26508.jpg,in a dress and tie
26519.jpg,in a blue and plaid shorts
26521.jpg,in a black and blue plaid shorts
26805.jpg,in a blue and black pants
26806.jpg,in a dress and tie
26807.jpg,in a white and gray pants standing
26808.jpg,in a dress and tie
26809.jpg,in a white and black pants standing
26810.jpg,in a white and gray pants standing
26811.jpg,in a white and gray pants standing
26817.jpg,in a dress and tie
26818.jpg,in a pink and grey pants
26819.jpg,in a dress and tie
26820.jpg,in a gray and blue pants standing
26821.jpg,in a gray and khaki pants
26822.jpg,in a gray and green pants with a skateboard
26823.jpg,in a gray and green pants standing
26824.jpg,in a gray and tan pants standing
26825.jpg,in a blue and khaki pants
26826.jpg,in a white and black pants standing
26827.jpg,in a blue and khaki pants
26829.jpg,in a gray and green pants standing
26831.jpg,in a white and black pants standing
26835.jpg,in a blue and brown pants standing
26837.jpg,in a gray and khaki pants
26838.jpg,in a brown and gray pants
26843.jpg,in a gray and gray pants standing
26844.jpg,in a white and black pants standing
26863.jpg,in a black and a denim skirt
2691.jpg,a close up of a child ' s denim shorts with a cartoon character on the front
26984.jpg,in a pink and blue shorts
26985.jpg,in pink shorts and a purple standing
26986.jpg,in purple shorts and a pink
26987.jpg,in a pink and black shorts
26990.jpg,a close up of a in a blue and denim shorts
26991.jpg,in blue and jeans standing with her hands in her pockets
26992.jpg,in a black and jeans
26993.jpg,in black and jeans standing with her hands in her pockets
26994.jpg,a close up of a in a blue and black pants
26995.jpg,in black and blue jeans
26996.jpg,a close up of a in a red and black pants
26997.jpg,in jeans and sandals standing with her hands in her pockets
26999.jpg,in black and blue jeans standing up
27000.jpg,in black and jeans standing with her hands in pockets
27001.jpg,a close up of a in a blue and jeans
27002.jpg,a close up of a in a black and jeans
27003.jpg,in blue and jeans standing with her hands in her pockets
27005.jpg,a close up of a in a pink and black pants
27006.jpg,in blue and black pants standing with her hands in her pockets
27008.jpg,a close up of a in a blue and black jeans
27015.jpg,in black and white jeans
27016.jpg,in blue and jeans standing with her hands in her pockets
27017.jpg,in black and jeans with purple scarf
27018.jpg,in black and jeans with a purple scarf
27019.jpg,in jeans and a black with a floral tie
27020.jpg,in a pink and jeans
27021.jpg,in jeans and sandals standing with her hands in her pockets
27022.jpg,in a black and jeans
27023.jpg,in black and jeans
27024.jpg,in a purple and jeans
27025.jpg,a close up of a in a black and pink pants
27026.jpg,in striped and denim shorts posing for picture
27027.jpg,in a white and blue shorts
27032.jpg,in striped and jeans standing with her hands in her pockets
27180.jpg,in a dress and slacks
27181.jpg,in a blue and black pants standing
27182.jpg,in a dress and tie
27183.jpg,in a dress and tie
27184.jpg,in a dress and tie
27185.jpg,in a blue and black pants standing
27186.jpg,in a blue and black pants
2719.jpg,a close up of a child ' s denim shorts with a tiger patch
27199.jpg,a close up of a skirt with a cat print on it
2720.jpg,a close up of a child ' s denim shorts with a dog on it
27203.jpg,a close up of a pair of jeans with a pink heart on the side
27204.jpg,a close up of a pair of jeans with a button on the side
27205.jpg,a close up of a pair of shorts with a red tie
27206.jpg,a close up of a child ' s shorts with a drawstring
27207.jpg,a close up of a pair of shorts with a camouflage print
27208.jpg,a close up of a pair of shorts with a black tie
27214.jpg,there a picture of a pair of shorts with a belt
27215.jpg,shorts with a belt and a belt on a
27216.jpg,there a picture of a green shorts with a button on the side
27217.jpg,image of a pair of shorts with a logo on the side
27218.jpg,shorts with a blue and white pattern on the front
2722.jpg,a close up of a child ' s shorts with mickey mouse patches
27231.jpg,skirt with a white lace trim and a flower applique
27232.jpg,a close up of a pink and blue plaid shorts with a
27267.jpg,in a white and black pants with a brown belt
27378.jpg,in jeans and a gray
27379.jpg,in jeans and a gray
27426.jpg,in a black and grey shorts standing
27598.jpg,in a gray and gray pants standing
27602.jpg,in a gray and black pants standing
27604.jpg,in a black and khaki pants
27605.jpg,in a white and black pants standing
27607.jpg,in a black and white pants standing
27608.jpg,in a gray and black pants standing
27609.jpg,a close up of a in a gray and black pants
27610.jpg,in a pink and gray pants standing
27614.jpg,in a striped and khaki pants
27621.jpg,in a black and khaki pants
27622.jpg,in a black and gray pants standing
27623.jpg,in a blue and khaki shorts
27624.jpg,in a blue and white shorts standing
27625.jpg,in blue and gray shorts
27626.jpg,in a blue and gray shorts standing
27628.jpg,in a blue and plaid shorts
27629.jpg,in a blue and plaid shorts standing
27630.jpg,in a black and khaki pants
27900.jpg,a close up of a wearing a blue and khaki pants
27901.jpg,in a blue and tan pants
27902.jpg,a close up of a wearing a blue and black pants
27903.jpg,in a black and khaki pants
27904.jpg,in a black and grey pants
27905.jpg,in a gray and black pants
27906.jpg,in a gray and beige pants
27907.jpg,in a gray and green pants
27908.jpg,in a gray and black pants
27909.jpg,in green and white pants
27910.jpg,in a green and black pants with a pair of sandals
27911.jpg,in a green and black pants
27912.jpg,a close up of a in a black and pants
27913.jpg,a close up of a in a blue and gray pants
27914.jpg,in a blue and black pants
27915.jpg,in a blue and black pants
27916.jpg,in a blue and green pants
27917.jpg,in black pants and a white standing
27918.jpg,in a black and grey pants
27919.jpg,in a white and brown pants
27920.jpg,a in a white and black pants standing
27921.jpg,in a blue and khaki pants
27922.jpg,in a pink and green pants
27923.jpg,in pink and black pants posing for picture
27924.jpg,in a gray and gray pants
27925.jpg,in a gray and black pants
27926.jpg,in a white and jeans standing up
27928.jpg,in black and white pants with brown belt
27929.jpg,in black and brown pants
27935.jpg,in a white and blue jeans
27936.jpg,in black and grey pants posing for picture
27937.jpg,in a white and blue jeans
27938.jpg,in a purple and jeans
27939.jpg,in a white and purple pants
27940.jpg,in striped and blue jeans
28138.jpg,black and white shorts with a white stripe on the side
28140.jpg,image of a pair of shorts with a white and blue color block
28142.jpg,a close up of a wearing a pair of shorts
28143.jpg,in a blue shorts and no standing
28452.jpg,in black pants and purple shoes
28453.jpg,a close up of a in a black and red pants
28455.jpg,in black and black capris posing for picture
28456.jpg,in a black and blue skirt and purple shoes
28459.jpg,in a black and blue shorts with a purple shoe
28460.jpg,in pink shorts and purple shoes
28463.jpg,in black shorts and purple shoes standing on a white surface
28497.jpg,in a gray and shorts
28498.jpg,in a gray and black shorts standing
28503.jpg,a close up of a pair of green shorts with a blue stripe
28504.jpg,nike men ' s dry - fit shorts with side stripe
28505.jpg,a close up of a pair of shorts with a white stripe
28506.jpg,nike shorts with a red stripe on the side
28512.jpg,a close up of a pair of black shorts with a white logo
28513.jpg,view of a pair of nike shorts with a white logo
28514.jpg,a close up of a black shorts with a white logo on the side
28515.jpg,a close up of a white tennis short with a black logo
28544.jpg,a close up of a wearing a pair of shorts
28611.jpg,a close up of a black and blue nike shorts with a blue stripe
28627.jpg,nike men ' s dry - fit shorts - black
28628.jpg,nike women ' s tennis short white
28640.jpg,a close up of a pair of black pants with a
28790.jpg,in a blue and jeans
28791.jpg,in a blue and jeans
28794.jpg,in a blue and jeans
28795.jpg,in a blue and jeans
28799.jpg,in a blue and jeans
28802.jpg,in a blue and jeans
28804.jpg,in blue and jeans
28811.jpg,in a blue and jeans
28814.jpg,in a blue and jeans
28816.jpg,in a blue and jeans
28817.jpg,in blue and jeans holding a remote control
28818.jpg,in a white and jeans
28821.jpg,in a blue and jeans
28822.jpg,in a blue and jeans
28825.jpg,in a blue and jeans
28878.jpg,a close up of a wearing a white and purple pants
28879.jpg,a in a white and pink pants standing
28943.jpg,a close up of a wearing a white and green pants
28944.jpg,a close up of a in pink pants and a white
29171.jpg,a close up of a skirt with a frillying hem
29172.jpg,a close up of a skirt with a flower pattern on it
29173.jpg,a close up of a skirt with a floral pattern on it
29174.jpg,in a plaid and khaki pants
29176.jpg,image of a ' s shorts with a buttoned closure
29177.jpg,a close up of a pair of shorts with a zipper on the side
29178.jpg,a in a white and blue jeans standing
29399.jpg,in a blue and gray pants
29402.jpg,in a dress and tie
29405.jpg,in a blue and gray pants
29676.jpg,in a blue and black pants standing
29677.jpg,in a red and grey pants with a pair of flip flops
29682.jpg,in a black and gray pants standing
29683.jpg,in a blue and black pants
29684.jpg,in a dress and tie
29685.jpg,in a green and gray pants standing
29688.jpg,in black and plaid shorts
29689.jpg,in a black and plaid shorts
29690.jpg,in a black and gray shorts
29777.jpg,in a dress and tie
29778.jpg,in a checkered and black pants
29779.jpg,in a blue and gray pants
29780.jpg,in a blue and black pants
29781.jpg,in a blue and black pants
29782.jpg,in a blue and black pants
29845.jpg,in a blue and khaki pants
29846.jpg,in a blue and black pants standing
29848.jpg,in a purple and black pants standing
29849.jpg,in a blue and black pants standing
29851.jpg,in a purple and gray pants
29852.jpg,in a plaid and black pants standing
30098.jpg,in a green and black jeans
30100.jpg,in a green and jeans
30102.jpg,holding a briefcase and wearing jeans and a black
30410.jpg,in jeans and a black
30411.jpg,in black and jeans
30412.jpg,in jeans and a black
30415.jpg,in a black and jeans
30442.jpg,in a red and jeans
30453.jpg,in green and white pants with red shoes
30595.jpg,a close up of a pair of gray shorts with a white logo
30596.jpg,a close up of a pair of blue shorts with white stripes
30598.jpg,view of a black shorts with a white tag on it
30599.jpg,a close up of a red and white shorts with a white stripe
30602.jpg,there a black shorts with a white stripe on the side
30603.jpg,black and red shorts with a red side stripe
30606.jpg,a close up of a blue short shorts with a white logo on the side
30609.jpg,nike dry short black / white
30610.jpg,a close up of a pair of shorts with a barcelona fc logo on the side
30634.jpg,view of a black shorts with blue stripes
30636.jpg,a close up of a pair of shorts with a green and white pattern
30637.jpg,nike women ' s printed running shorts
30638.jpg,nike shorts size s womens
30639.jpg,purple and white running shorts with a white stripe on the side
30810.jpg,in a white tunic and tan pants
30812.jpg,a close up of a wearing a white and maroon pants
30813.jpg,a close up of a wearing a pink tunic and white pants
30814.jpg,a close up of a wearing a white tunic and purple pants
30815.jpg,in a white and yellow pants
30816.jpg,a close up of a wearing a white tunic and red pants
30817.jpg,in a white and red pants standing
30818.jpg,in a white and brown pants
30819.jpg,a close up of a wearing a white and pink pants
30820.jpg,in a pink tunic and white pants
30917.jpg,a close up of a wearing a pair of pants
30918.jpg,a close up of a wearing a pair of pants
30919.jpg,a close up of a wearing a pink pants and sandals
30920.jpg,a close up of a wearing a pair of green pants
30921.jpg,a close up of a wearing a blue pants and sandals
30922.jpg,a wearing a skirt with a pattern of leaves on it
30923.jpg,a wearing a skirt with a pattern of leaves on it
30924.jpg,a wearing a skirt with a pattern of leaves on it
30925.jpg,a close up of a wearing a skirt with a white
30926.jpg,a wearing a skirt with a pattern on it
30927.jpg,a wearing a skirt with a large ruffle on it
30928.jpg,in a skirt with a white and sandals
30929.jpg,in a white and a gray skirt
31014.jpg,in a green and black pants standing
31018.jpg,in a green and blue pants standing
31032.jpg,in a green and grey pants standing
31057.jpg,in a gray and blue plaid shorts
31110.jpg,jeans with a green patch on the bottom and a
31111.jpg,view of a pair of jeans with a belt
31116.jpg,a close up of a pair of shorts with a green logo on the side
31162.jpg,a close up of a child ' s blue jeans on a
31164.jpg,jeans with a red stripe on the side and a
31166.jpg,a close up of a pair of shorts with a button on the side
31180.jpg,a close up of a child ' s white leggings with a white
31231.jpg,there a standing in a white and black shorts
31287.jpg,in a white and black shorts with red shoes
31334.jpg,in jeans and a gray
31335.jpg,in a gray and jeans
31337.jpg,in a gray and jeans
31338.jpg,in jeans and a gray
31339.jpg,in a black and jeans
31340.jpg,in a gray and jeans
31350.jpg,a close up of a in jeans
31352.jpg,in jeans and sneakers
31422.jpg,a close up of a pair of white shorts with red accents
31425.jpg,in grey and gray pants
31429.jpg,in a gray and gray pants standing
31430.jpg,in a blue and gray pants standing
31434.jpg,in a blue and gray pants standing
31435.jpg,in a gray and black pants standing
31439.jpg,in a gray and green pants standing
31440.jpg,in a gray and gray pants standing
31447.jpg,a close up of a pair of shorts with a yellow stripe
31448.jpg,a close up of a blue and yellow tennis short with a white stripe
31449.jpg,a close up of a pair of black shorts with a white logo
31454.jpg,a close up of a black and white tennis skirt with a white stripe
31457.jpg,nike running shorts with yellow trims
31458.jpg,a close up of a pair of gray shorts with a white logo
31459.jpg,a close up of a pair of black shorts with white nike logo
31461.jpg,view of a white tennis short with a white stripe
31473.jpg,in a blue and black pants
31474.jpg,in a white and brown pants standing
31476.jpg,in a green and black pants standing
31488.jpg,in a blue and black pants standing
31558.jpg,in a green and black pants standing
31559.jpg,a close up of a in a green and black pants
31562.jpg,in a blue and green pants standing
31564.jpg,a close up of a in a blue and black pants
31570.jpg,in a green and black pants standing
31571.jpg,a close up of a in a green and black pants
31605.jpg,a close up of a ' s tennis skirt with a short skirt
31668.jpg,in grey and jeans
31672.jpg,in jeans and a gray
31673.jpg,in a gray and jeans
32250.jpg,in a skirt with a belt and sandals
32251.jpg,in a purple skirt and blue
32252.jpg,a in a skirt and sandals standing on a
32404.jpg,a close up of a in a gray and black pants
32405.jpg,in a white and black pants with her hands in her pockets
32406.jpg,in a pink and black pants
32407.jpg,a close up of a wearing a black and grey pants
32410.jpg,a close up of a wearing a white and blue pants
32419.jpg,in a white and grey shorts with a blue stripe
32420.jpg,in black shorts and black shoes
32426.jpg,in a blue and white shorts
32427.jpg,in white and black shorts
32429.jpg,in a blue and black shorts
32431.jpg,in a red and black shorts standing
32444.jpg,in a gray and blue shorts
32445.jpg,in a blue and black shorts
32446.jpg,in a red and black pants standing
32447.jpg,in a white and black shorts with his hands in his pockets
32448.jpg,in a white and blue pants with a white
32449.jpg,in white and shorts
32452.jpg,there a
32457.jpg,in black shorts and white
32485.jpg,in a gray and red and white checkered shorts
32487.jpg,in a blue and grey shorts standing
32559.jpg,in white and black jeans with a red and white tie
32560.jpg,in a white and jeans with a british flag on her back
32561.jpg,in pink jeans and heels standing with her hands in her pockets
32562.jpg,in striped and green pants holding a purse
32563.jpg,in blue pants and striped standing with her hands in her pockets
32564.jpg,in a plaid and red pants holding a purse
32567.jpg,in jeans and a plaid standing with her hands on her hips
32585.jpg,in yellow and black pants standing with her hands in her pockets
32586.jpg,in a blue and brown pants with a cell phone
32587.jpg,in a gray and black pants with sandals
32588.jpg,in yellow and brown pants standing with her hands in her pockets
32589.jpg,in shorts and sandals standing with her hands in her pockets
32590.jpg,in yellow and black shorts standing with her hands in her pockets
32591.jpg,in a green and plaid skirt
32621.jpg,a close up of a pair of blue shorts with yellow trims
32648.jpg,view of a pair of black shorts with a black belt
32649.jpg,a close up of a pair of shorts with a yellow stripe
32901.jpg,in black and white pants with purple heart
32903.jpg,in blue and red shorts standing with her hands in her pockets
33068.jpg,in a black and khaki shorts
33144.jpg,a close up of a pair of denim shorts with buttons
33145.jpg,a close up of a pair of blue denim shorts with buttons
33146.jpg,a close up of a pair of blue denim shorts with a green logo
33147.jpg,a close up of a pair of jeans on a
33148.jpg,view of a pair of pants with a zipper on the side
33149.jpg,a close up of a pink pants with a pink bow on the side
33259.jpg,a close up of a wearing a belt and jeans
33264.jpg,picture of a pair of shorts with a bear on the side
33267.jpg,a close up of a pair of blue shorts with buttons
33268.jpg,a close up of a pair of green shorts with buttons
33270.jpg,a close up of a white skirt with a
33271.jpg,a close up of a red tutu on a
33273.jpg,a close up of a baby ' s green pants with a
33274.jpg,a close up of a black pants with a white logo on the side
33277.jpg,jeans with a belt and a belt on a
33278.jpg,jeans with a belt and a belt on a
33279.jpg,a close up of a child ' s blue jeans on a
33280.jpg,a close up of a child ' s blue jeans on a
33283.jpg,a close up of a pair of green pants on a
33300.jpg,in a striped and white pants
33306.jpg,jeans with a green patch on the bottom and a
33307.jpg,a close up of a pair of jeans on a
33308.jpg,view of a pair of jeans with a belt
33309.jpg,view of a pair of jeans with a belt
33494.jpg,there a picture of a pair of shorts with a belt
33495.jpg,shorts with a belt and a belt on a
33497.jpg,image of a pair of shorts with a logo on the side
33498.jpg,shorts with a blue and white pattern on the front
33508.jpg,skirt with a white lace trim and a flower applique
33509.jpg,a close up of a pink and blue plaid shorts with a
33538.jpg,in black pants and heels standing in front of a
33717.jpg,in a white and blue pants with a pink flowered
33719.jpg,in blue tights and a pink purse
33720.jpg,in a skirt and tights holding a purse
33721.jpg,in tights and a skirt holding a purse
33815.jpg,in a blue and black pants standing
33817.jpg,in a blue and black pants standing
33957.jpg,in a and black pants
33958.jpg,a close up of a wearing a black and blue pants
33959.jpg,a close up of a in a black and tan pants
33960.jpg,a close up of a in a skirt and pink tights
33961.jpg,a close up of a in a red skirt and black shoes
33998.jpg,a in a black and blue pants
34059.jpg,a close up of a pair of shorts with a green logo on the side
34060.jpg,a close up of a pair of shorts with a green logo on the side
34105.jpg,a close up of a plaid shorts with a
34117.jpg,a close up of a pair of denim shorts with a patch on the side
34118.jpg,a close up of a pair of black denim shorts with a
34147.jpg,a close up of a pair of shorts with a button on the side
34148.jpg,a close up of a denim skirt with a pink patch on the side
34149.jpg,a close up of a denim skirt with a pink patch on the side
34249.jpg,in a red and black shorts standing with his feet on a skateboard
34250.jpg,in a black and grey shorts standing
34251.jpg,in a black and blue shorts standing
34252.jpg,in a black and grey shorts
34492.jpg,in a skirt and pink
34493.jpg,in a skirt and pink
34494.jpg,in a skirt and pink
34495.jpg,in a skirt holding a purse and a purse
34503.jpg,in a white and gray pants
34504.jpg,in a pink and grey pants
34693.jpg,pink shorts with pink stripes on the side
34721.jpg,there a black pants with a belt and a flower belt
3507.jpg,in black shorts and white with his hands in the air
3542.jpg,in a gray and black shorts with a tennis racket
35435.jpg,a close up of a pair of shorts with a plaid pattern
35436.jpg,a close up of a pair of denim shorts with a patch on the side
35437.jpg,a close up of a pair of black denim shorts with a
35939.jpg,in a black and jeans
35958.jpg,in a white and black skirt
36202.jpg,a close up of a pair of shorts with a belt on a
36203.jpg,a close up of a pair of shorts with a number on it
36211.jpg,a close up of a pair of shorts with a flag patch on the side
36215.jpg,purple shorts with pink trims and a white logo on the side
36216.jpg,a close up of a pink short shorts with white trim
36217.jpg,a close up of a pink short shorts with white trim
36218.jpg,a close up of a pink pants with a pink bottom
36732.jpg,in jeans and a white
36741.jpg,in a black and jeans
36742.jpg,in jeans and sandals
36841.jpg,in jeans and heels standing with her hands in her pockets
36845.jpg,in black and blue jeans
37102.jpg,in a blue and gray pants standing
37103.jpg,in a blue and gray pants standing
37111.jpg,in a blue and black pants standing
37135.jpg,in a plaid and khaki pants
37172.jpg,a close up of a black shorts with a red logo on the side
37173.jpg,a close up of a red shorts with a zipper on the side
37195.jpg,in a white and tan pants
37197.jpg,in a pink and blue jeans with a belt
37199.jpg,image of a plaid shorts with a blue belt
37200.jpg,in black and jeans
37201.jpg,jeans with a bow tied at the waist
37202.jpg,a close up of a baby ' s jeans with a bow on the waist
37205.jpg,in black and jeans
37206.jpg,in a black and jeans
37208.jpg,in a red and black skirt with a red and white striped
37209.jpg,jeans with a belt on a
37514.jpg,pants with a cartoon cat on the side and a green cat on the side
37515.jpg,a close up of a baby ' s pants with a green and white design
37516.jpg,a close up of a white shorts with a picture of a tennis player
37520.jpg,yellow shorts with a green and white logo on the side
37521.jpg,shorts with a picture of a horse on the side
37522.jpg,a close up of a white shorts with a blue stripe
37558.jpg,three pairs of pink underwear are lined up on a white surface
37559.jpg,three pairs of pink and yellow underwear are lined up
37560.jpg,three pairs of white and pink underwear are lined up
37580.jpg,a close up of a pink shorts with a pink side stripe
37581.jpg,a close up of a pair of shorts with a pink trim
37582.jpg,three pairs of white and pink underwear with a pink waistband
37930.jpg,in a skirt with a colorful skirt and sandals
38121.jpg,in a blue and black pants standing
38122.jpg,in a gray and khaki pants
38500.jpg,view of a pair of jeans with buttons on the side
38501.jpg,jeans with a buttoned closure and a belt
38502.jpg,a close up of a pair of denim shorts with a palm leaf on the back
38503.jpg,a close up of a pair of shorts with a green patch on the side
38504.jpg,a close up of a denim skirt with a pink trim
38505.jpg,a close up of a pair of shorts with a button on the front
38562.jpg,nike men ' s dri - fit shorts with yellow logo
38563.jpg,nike men ' s dri - fit shorts with orange trim
38566.jpg,a close up of a pair of black shorts with a white logo
38567.jpg,nike shorts with yellow side stripe
38568.jpg,a close up of a pair of black shorts with green trim
38569.jpg,nike shorts with white and black side stripe
38582.jpg,a close up of a black shorts with a white logo on the side
38766.jpg,a close up of a pair of pink shorts with buttons
38767.jpg,a close up of a pair of pink shorts with buttons
38905.jpg,pink shorts with pink stripes on the side
38930.jpg,a close up of a pair of jeans on a
38931.jpg,a close up of a pair of jeans on a
38932.jpg,a close up of a pink pants with a pink bow on the side
38933.jpg,a close up of a pink pants with a pink bow on the side
38934.jpg,view of a pair of pants with a zipper on the side
38935.jpg,view of a pair of pants with a zipper on the side
38936.jpg,a close up of a pair of blue denim shorts with a green logo
38937.jpg,a close up of a pair of blue denim shorts with a green logo
38938.jpg,a close up of a pair of blue denim shorts with buttons
38939.jpg,a close up of a pair of blue denim shorts with buttons
38940.jpg,a close up of a pair of denim shorts with buttons
38941.jpg,a close up of a pair of denim shorts with buttons
3896.jpg,a close up of a skirt with a minnie mouse patch on it
38983.jpg,in a dress and tie
38993.jpg,jeans with a belt on a
38994.jpg,jeans with a pocket on the side of the pants
38995.jpg,a close up of a pair of jeans with a yellow patch on the side
38996.jpg,a close up of a pair of shorts with a belt on a
3901.jpg,a close up of a child ' s skirt with a pooh on it
39011.jpg,a close up of a pair of blue pants on a
39080.jpg,in black and khaki shorts
39103.jpg,in a dress and tie
39104.jpg,in a dress and tie
39117.jpg,wearing a white tunic and green pants
39118.jpg,wearing a white tunic and black pants
39119.jpg,wearing a white tunic and blue pants with a pair of silver sandals
39120.jpg,in a white and brown pants
39121.jpg,a close up of a wearing a white tunic and pink pants
39122.jpg,a close up of a in a white and blue pants
39123.jpg,a close up of a wearing a yellow and orange printed tunic
39124.jpg,pregnant in blue dress and tan leggings
39125.jpg,a close up of a wearing a white tunic and purple pants
39126.jpg,a close up of a in a white and yellow pants
39127.jpg,a close up of a in a white and purple pants
39128.jpg,a close up of a wearing a white and red pants
39129.jpg,a close up of a wearing a white tunic and maroon pants
39130.jpg,in a white tunic and blue jeans
39131.jpg,a close up of a wearing a white tunic and purple leggings
39132.jpg,a close up of a in a white and purple pants
39133.jpg,in a white tunic and blue jeans
39225.jpg,print pants with a heart pattern on the bottom
39314.jpg,a close up of a red tutu on a
39319.jpg,picture of a pair of shorts with a bear on the side
39320.jpg,a close up of a pair of shorts with a red stripe
39323.jpg,a close up of a pair of blue shorts with buttons
39324.jpg,a close up of a pair of blue shorts with buttons
39326.jpg,a close up of a black pants with a white logo on the side
39327.jpg,a close up of a baby ' s green pants with a
39328.jpg,a close up of a pair of green shorts with buttons
39329.jpg,a close up of a pair of green shorts with buttons
39330.jpg,a close up of a white skirt with a ruffle on it
39379.jpg,in black and jeans
39380.jpg,in black and jeans
39381.jpg,in a gray and black jeans standing
39382.jpg,in jeans and a black
39384.jpg,in jeans and a black
39385.jpg,in a black and gray pants standing
39386.jpg,in jeans and a gray
39387.jpg,in blue and jeans
39388.jpg,in black and jeans
39725.jpg,in a skirt and
39731.jpg,in a skirt and pink
39745.jpg,a close up of a pair of shorts with a flag patch on the side
39749.jpg,there a picture of a wearing a belted shorts
39750.jpg,there a picture of a wearing a belted shorts
39752.jpg,view of a pair of pants with a belt on a
39753.jpg,view of a pair of pants with a belt on a
39755.jpg,a close up of a pink pants with a pink bottom
39756.jpg,"white shorts with a red, white, and blue stripe on the side"
39758.jpg,a close up of a wearing a belted shorts
39759.jpg,a close up of a wearing a belted shorts
39760.jpg,in a blue and black pants with a brown belt
39761.jpg,in a purple and tan pants with brown shoes
39762.jpg,in a blue and black pants with a white belt
39763.jpg,in a black and gray pants
39764.jpg,in blue and green pants standing with her hands in her pockets
39765.jpg,in a blue and green pants with a brown belt
39792.jpg,in a blue and khaki pants
39793.jpg,in a dress and tie standing in a pose
39794.jpg,a close up of a in a dress and tie
39795.jpg,in a dress and tie standing in a pose
39797.jpg,in a dress and tie
39804.jpg,in a striped and green pants
39805.jpg,in a striped and black pants
39806.jpg,in a striped and black pants standing
39807.jpg,in a white and black pants with a tie
39808.jpg,in a dress and pants
39809.jpg,in a dress and tie
39810.jpg,in a blue and black pants standing
39811.jpg,in a blue and black pants standing
39812.jpg,in a dress and tie
39830.jpg,purple shorts with pink trims and a white logo on the side
39831.jpg,a close up of a pink short shorts with white trim
40035.jpg,a close up of two pairs of shorts with a logo on the side
40046.jpg,in a blue and black shorts
40068.jpg,in shorts and sneakers
40082.jpg,in a grey and blue shorts standing
40084.jpg,in a grey and blue shorts with a white stripe
40085.jpg,in a blue and white shorts
40095.jpg,in a gray and black shorts with a blue stripe
40125.jpg,there a black shorts with a zipper on the side
40126.jpg,a close up of a wearing a black and white shorts
40155.jpg,a close up of a white shorts with a picture of a horse on it
40160.jpg,jeans with a belt and a belt on a
40274.jpg,in a pink and white pants standing
40275.jpg,in a blue and khaki pants
40276.jpg,in a pink and black pants standing
40278.jpg,in a striped and green pants standing
40280.jpg,in a pink and black pants standing
40281.jpg,in a pink and khaki pants
40282.jpg,in a pink and green pants standing
40352.jpg,in jeans and a floral standing with her hands in her pockets
40359.jpg,in jeans and a red
40364.jpg,in jeans and a red and black striped
40371.jpg,in jeans and a striped
40428.jpg,in a white skirt and black
40432.jpg,in a black skirt and brown
40433.jpg,in a black and a floral skirt
40434.jpg,in a black and a blue skirt
40493.jpg,wearing a black dress and blue pants with a black
40494.jpg,a close up of a wearing a skirt and leggings
40495.jpg,a close up of a wearing a green and green leggings
40923.jpg,jeans with a pocket on the side of the pants
40924.jpg,jeans with a pocket on the side of the pants
40925.jpg,a close up of a pair of jeans with a yellow patch on the side
40926.jpg,a close up of a pair of jeans with a yellow patch on the side
40927.jpg,a close up of a pair of jeans with a yellow patch on the side
40928.jpg,jeans with a belt on a
40929.jpg,jeans with a belt on a
40930.jpg,a close up of a pair of blue pants on a
40931.jpg,a close up of a pair of blue pants on a
40932.jpg,a close up of a pair of blue pants on a
40933.jpg,a close up of a pair of shorts with a belt on a
40997.jpg,view of a pair of jeans with buttons on the side
40998.jpg,view of a pair of jeans with buttons on the side
40999.jpg,view of a pair of jeans with buttons on the side
41000.jpg,a close up of a pair of shorts with a green patch on the side
41001.jpg,a close up of a pair of shorts with a green patch on the side
41002.jpg,a close up of a pair of shorts with a button on the front
41003.jpg,a close up of a pair of shorts with a button on the front
41004.jpg,a close up of a denim skirt with a pink trim
41005.jpg,a close up of a denim skirt with a pink trim
41006.jpg,a close up of a pair of denim shorts with a palm leaf on the back
41007.jpg,a close up of a pair of denim shorts with a palm leaf on the back
41008.jpg,jeans with a buttoned closure and a belt
41009.jpg,jeans with a zipper on the side and a buttoned pocket
41010.jpg,jeans with a zipper on the side and a buttoned pocket
41152.jpg,in a skirt and
41153.jpg,in a skirt and
41154.jpg,in a pink and blue shorts
41159.jpg,in red and black shorts
41161.jpg,in a colorful and tan pants
41162.jpg,in pink and black pants holding pink purse
41163.jpg,in a pink and khaki pants
41234.jpg,a close up of a black shorts with a white logo on the side
41313.jpg,a close up of a wearing a green tunic and white pants
41314.jpg,in a floral and black pants with a clutch
41315.jpg,a close up of a wearing a tan tunic and blue pants
41316.jpg,a close up of a in a white dress and purple pants
41317.jpg,a close up of a in a white dress and red pants
41320.jpg,a close up of a wearing a white and red dress
41322.jpg,a close up of a in a white and orange dress
41346.jpg,in blue and jeans
41347.jpg,in red and black pants
41348.jpg,in black and jeans
41349.jpg,in black and jeans
41350.jpg,in black and jeans
41352.jpg,in a floral and black pants with a brown belt
41353.jpg,in black pants and a white holding a black briefcase
41354.jpg,in jeans and sandals
41355.jpg,in black and jeans
41356.jpg,in black and jeans
41357.jpg,in black and jeans
41358.jpg,in black and jeans
41359.jpg,in black and jeans
41360.jpg,in a purple and jeans with his hands in his pockets
41361.jpg,in black and jeans
41424.jpg,in a pink and khaki pants
41426.jpg,in a pink and khaki pants
41427.jpg,in a blue and black pants standing
41625.jpg,in a blue and black pants standing
41629.jpg,in a striped and black pants
41695.jpg,in shorts and sandals standing with his back to the camera
41696.jpg,in a gray and black shorts with a red and blue pattern
41700.jpg,in a gray and black shorts with a green and white logo
41701.jpg,in a gray and blue shorts with a fried egg on it
41888.jpg,in blue and jeans
41889.jpg,in jeans and sneakers
41890.jpg,in a black and blue shorts standing
41961.jpg,jeans with a belt and a belt on a
41962.jpg,jeans with a belt and a belt on a
41977.jpg,a close up of a white shorts with a picture of a horse on it
41992.jpg,there a black shorts with a zipper on the side
41993.jpg,there a black shorts with a zipper on the side
41994.jpg,a close up of a wearing a black and white shorts
42104.jpg,in shorts holding a remote control in his hand
42105.jpg,in a purple and grey shorts standing
42114.jpg,in blue and shorts
42115.jpg,in a gray and black shorts standing
42119.jpg,in a gray and blue shorts with a yellow stripe
42120.jpg,in a white and black shorts with red shoes
42122.jpg,in a grey and blue shorts with orange trim
42251.jpg,in a dress and tie
42255.jpg,in a dress and tie
42256.jpg,in a red and grey pants
42257.jpg,in a red and black pants
42258.jpg,in a striped and jeans
42260.jpg,in a red and jeans
42261.jpg,in red and blue pants
42262.jpg,in a red and blue jeans
42263.jpg,in jeans and a striped
42264.jpg,in a red and blue jeans
42265.jpg,in a red and blue jeans
42267.jpg,in a red and khaki shorts walking
42290.jpg,a close up of a pink skirt with a white logo on it
42348.jpg,in yellow and black pants with her hands in her pockets
42349.jpg,in striped and red pants standing on white surface
42350.jpg,in a blue floral blouse and black capris
42402.jpg,in black and blue shorts posing for picture
42594.jpg,pair of jeans with a zipper on the back
42595.jpg,pair of jeans with a belt on a
43044.jpg,a close up of a black short with a white logo on the side
43045.jpg,a close up of a pink short swimsuit with a white
43051.jpg,a close up of a white tennis short with a black logo
43052.jpg,view of a pair of tennis shorts with a yellow stripe
43223.jpg,carrying a suitcase with a floral print and black pants
43224.jpg,in a white and black pants holding a purse
43246.jpg,in a gray and jeans
43249.jpg,in striped and jeans
43309.jpg,in a red and white shorts
43310.jpg,in pink shorts and a floral holding a purse
43318.jpg,in pink and jeans standing with her hands in her pockets
43420.jpg,in a gray and jeans
43421.jpg,in a purple and jeans
43422.jpg,in a green sweater and jeans
43489.jpg,in a gray and jeans
43520.jpg,in a white and blue skirt
43521.jpg,in a white and black pants with a blue belt
43522.jpg,a close up of a wearing a pair of pants
43523.jpg,in a blue and khaki pants
43524.jpg,a pregnant in a striped and black pants
43525.jpg,araffes wearing a white and white pants with a colorful design
43526.jpg,in a colorful and black pants with a pink purse
43656.jpg,in orange shorts and a white
43657.jpg,in purple shorts and heels
43912.jpg,in black pants and red shoes standing in front of a
43914.jpg,in a floral and blue shorts
43915.jpg,in green and white shorts holding a purse
43916.jpg,in green and yellow shorts posing for picture
43917.jpg,in a floral and blue pants
43918.jpg,in yellow pants and orange shoes standing with her hands in her pockets
44288.jpg,in a white and black pants
44289.jpg,in a dress and tan pants
44290.jpg,in a dress and tie
44304.jpg,in a white and black and white checkered shorts
44309.jpg,in a striped and shorts
44313.jpg,in a plaid and khaki pants
44315.jpg,in a white and blue pants
44578.jpg,in a t - and jeans
44579.jpg,in jeans and a gray
44580.jpg,in a gray and black pants
44581.jpg,in a blue and jeans
44582.jpg,in jeans and a gray
44583.jpg,in jeans and a gray
44584.jpg,in jeans and a gray
44585.jpg,in a gray and jeans
44586.jpg,in jeans and a gray
44587.jpg,in jeans and a gray
44625.jpg,a close up of a pair of black underwear with a white logo
44627.jpg,a close up of a pair of shorts with a
44646.jpg,in a skirt and
44663.jpg,in a white and brown pants
44664.jpg,in a blue and black pants
44665.jpg,in a white and khaki pants
44666.jpg,in a white and tan pants
44667.jpg,in a yellow and black pants
44686.jpg,a close up of a in a black and purple pants
44815.jpg,in jeans and heels holding a purse and a purse
44816.jpg,in a plaid and jeans standing with her hands in her pockets
44870.jpg,in a green and red shorts
44871.jpg,in a white and black shorts with a blue and green design
44872.jpg,in black and white shorts with red shoes
44902.jpg,in a green and black shorts
44906.jpg,in blue and white pants
44918.jpg,in black and white shorts with red shoes
44919.jpg,in a black and shorts with a blue design
44920.jpg,in a red and black shorts with a white dog on it
44921.jpg,in a black and blue shorts with a red shoe
44922.jpg,in red shorts and black holding a bottle
44923.jpg,in a green and jeans
44924.jpg,in a plaid and jeans
44925.jpg,in a plaid and khaki pants
44930.jpg,in jeans and sneakers
44931.jpg,in jeans and a black
44932.jpg,in black and jeans
44945.jpg,in striped and jeans standing with her hands in her pockets
45488.jpg,in red and black shorts
46342.jpg,in a blue and jeans
46344.jpg,in a gray and blue jeans
46387.jpg,in a blue and black shorts with a white elephant on it
46390.jpg,in a purple and blue shorts
46399.jpg,in shorts and a t -
46400.jpg,in a black and grey shorts with a blue bird on it
46414.jpg,in a striped and black pants standing
46732.jpg,a close up of a pair of shorts with buttons on the side
46813.jpg,a close up of a pink skirt with a white logo on it
46814.jpg,a close up of a pink skirt with a white logo on it
46890.jpg,in a red and blue jeans
46892.jpg,in a plaid and jeans
46893.jpg,in a plaid and jeans
46894.jpg,in a plaid and jeans
46895.jpg,in a plaid and jeans
46896.jpg,in a gray and blue jeans
46903.jpg,in a gray and blue jeans
46905.jpg,in jeans and a t -
46906.jpg,in a grey and red shoes
46908.jpg,in black and white pants
46909.jpg,in a grey and blue jeans
46910.jpg,in a grey and black jeans
46914.jpg,in a grey and blue jeans with red sneakers
47657.jpg,in a skirt and blouse with a pink purse
47658.jpg,in a skirt and blouse
47677.jpg,print pants with a high waist and a buttoned closure
4785.jpg,in a white and grey shorts with a tennis racket
4786.jpg,in black shorts and white
4787.jpg,in black shorts and white
4796.jpg,in blue shorts and white
4797.jpg,in shorts and sneakers
48066.jpg,in a white and black jeans
4808.jpg,in shorts and sneakers
4809.jpg,in a white and blue shorts
48097.jpg,a close up of a in green pants and a floral
48098.jpg,in blue pants and a white standing with her hands on her hips
48099.jpg,in a white and tan pants with a brown belt
48110.jpg,in a striped and red shorts
48111.jpg,in a orange and khaki shorts
4815.jpg,in shorts and sneakers
4818.jpg,in black shorts and white
4819.jpg,in a white and blue shorts with a tennis racket
48376.jpg,in a striped and black pants standing
48378.jpg,in striped and jeans
48380.jpg,in blue and black pants standing with his hands on his hips
48382.jpg,in a striped and jeans
48383.jpg,in a white t - and black pants
48384.jpg,in black and jeans standing with his hands on his hips
48385.jpg,in a striped and jeans
48386.jpg,in a red and black pants with his hands in his pockets
48387.jpg,in blue and jeans
48388.jpg,in jeans and sneakers
48391.jpg,in black and gray pants standing with his hands on his hips
48392.jpg,in white and black pants
48393.jpg,in a plaid and jeans
48394.jpg,in a dress and tie
48395.jpg,in a dress and tie
48397.jpg,in black and gray jeans
48398.jpg,in jeans and sneakers
48399.jpg,in a plaid and jeans
48457.jpg,in a white and plaid shorts
48458.jpg,in a blue and shorts with a belt
48459.jpg,in shorts and a t -
48460.jpg,in a white and green plaid shorts
48462.jpg,in a white and blue shorts
48493.jpg,in a purple and black skirt
48494.jpg,pregnant in floral and black pants
48495.jpg,in a black and khaki pants
48496.jpg,in a blue and black pants
48497.jpg,in black pants and a floral
48498.jpg,in a floral and jeans
48499.jpg,in jeans and a floral holding a pink purse
48500.jpg,araffed in jeans and heels standing with her hands on her hips
4929.jpg,denim overall with a handprint on the back
4930.jpg,a close up of a baby ' s denim overall with a handprint on it
4939.jpg,a close up of a pair of jeans on a
4940.jpg,a close up of a pair of jeans on a
4949.jpg,a close up of a pair of shorts with a belt
4950.jpg,a close up of a pair of shorts with a belt
4952.jpg,picture of a pair of black shorts with a belt
49635.jpg,in a skirt with a pink purse and heels
49636.jpg,in a skirt with a white and blue flowers
49654.jpg,girl in a skirt and blouse with a pink purse
49655.jpg,in a skirt and blouse
49757.jpg,a in a yellow dress and maroon leggings stands in front of a
49758.jpg,a close up of a wearing a yellow and blue dress
49759.jpg,a close up of a wearing a yellow and red dress
49760.jpg,a in a yellow dress and green leggings stands in front of a
49761.jpg,a close up of a wearing a yellow and red dress
49762.jpg,a close up of a wearing a yellow and purple dress
49763.jpg,a close up of a wearing a black and black leggings
49764.jpg,a in a yellow dress and black leggings stands in front of a
4977.jpg,a close up of a pair of jeans with a
4978.jpg,a close up of a pair of jeans with a
4980.jpg,pair of blue denim shorts with pink trim
49843.jpg,a close up of a pair of shorts with buttons on the side
4989.jpg,a close up of a pair of green shorts with a
4990.jpg,plaid shorts with a tie on the waist
49956.jpg,in a white and black pants with his hands in his pockets
49957.jpg,in a black and grey pants with a white tennis shoe
49958.jpg,in a white and black pants with a white
49959.jpg,in a black and red pants with a black
50018.jpg,a close up of a in a striped and black leggings
50019.jpg,in a black and grey leggings
5002.jpg,there a white shorts with pink trims on it
50020.jpg,pregnant in pink and blue capris standing with her hands on her hips
50021.jpg,in striped and black and white pants
50022.jpg,in pink leggings and sandals standing on a white surface
50023.jpg,in white pants and a white tank
50024.jpg,in black leggings and a white tank
50025.jpg,in a tan and tan pants
50026.jpg,a pregnant in a striped and maroon leggings
50027.jpg,in black leggings and a white
5003.jpg,image of a pair of blue jeans shorts with a red belt
5004.jpg,a close up of a denim skirt with a bow on the waist
5005.jpg,skirt with a zippered front and a buttoned back
5018.jpg,white shorts with red logo on the side
5019.jpg,a close up of a black denim overall with a
50664.jpg,in a black and grey shorts
50665.jpg,in a white and blue shorts with flip flops
50942.jpg,in jeans and heels standing with her hands on her hips
50943.jpg,in red and jeans
50944.jpg,in jeans and heels holding a purse and a cell phone
50945.jpg,in jeans and a floral blouse holding a red purse
50946.jpg,in jeans and heels holding a pink purse and a cell phone
50947.jpg,a close up of a in a striped and jeans
50948.jpg,in black pants and brown holding a white purse
50949.jpg,in jeans and a brown
50950.jpg,in striped and jeans holding a red purse
50951.jpg,in black pants and a floral holding a pink purse
50952.jpg,in jeans and a floral
50953.jpg,in jeans and heels standing with her hands on her hips
50954.jpg,pregnant in jeans and a floral blouse standing with her hands on her hips
50955.jpg,in jeans and a floral holding a green purse
50956.jpg,in striped and black pants standing with her hands on her hips
50957.jpg,in jeans and heels holding a purse and a purse
50958.jpg,pregnant in jeans and a floral standing with her hands on her belly
50960.jpg,in jeans and a floral holding a white purse
50961.jpg,in black pants and a floral holding a pink purse
50962.jpg,in black holding a white purse and black shoes
50963.jpg,in jeans and a floral holding a red purse
51351.jpg,in jeans and a floral talking on a cell phone
51352.jpg,in jeans and a floral standing up
51353.jpg,in jeans and a floral standing with her hands on her hips
51354.jpg,araffed in striped and jeans posing for picture
51355.jpg,araffed in striped and jeans posing for picture
51356.jpg,in jeans and a floral standing with her hands in her pockets
51360.jpg,in a floral and jeans standing with her hands on her hips
51362.jpg,in jeans and a floral standing with her hands in her pockets
51363.jpg,in jeans and a floral walking
51364.jpg,in a plaid and jeans
51365.jpg,in jeans and a floral
51366.jpg,in jeans and a floral standing up
51367.jpg,in a floral and jeans
51368.jpg,a close up of a wearing a striped and jeans
51377.jpg,in a maroon and khaki shorts
51378.jpg,in a maroon and khaki shorts
51379.jpg,in a maroon and khaki shorts
51380.jpg,in a maroon and blue shorts standing
51381.jpg,in a maroon and black shorts
51382.jpg,in a maroon and khaki shorts
51393.jpg,in a gray and plaid shorts
51394.jpg,in a gray and red plaid shorts
51395.jpg,in a gray and yellow plaid shorts
51396.jpg,in a gray and blue plaid shorts
51397.jpg,in a gray and blue plaid shorts
51398.jpg,in a gray and blue plaid shorts
51470.jpg,in a green and black pants
51471.jpg,in a blue and black jeans
51475.jpg,in a pink and jeans
51476.jpg,in a green and jeans
51482.jpg,in blue and jeans standing with his hands on his hips
51485.jpg,in a green and black pants
51486.jpg,in a green and brown pants
51487.jpg,in a blue and black pants
51495.jpg,in a purple and black pants
51497.jpg,in striped and black pants standing with her hands in her pockets
51498.jpg,in striped and jeans standing with her hands in her pockets
51499.jpg,in a blue and jeans with a belt
51500.jpg,in a striped and black jeans
51501.jpg,in a blue and jeans with a red belt
51502.jpg,in a blue and jeans with a yellow belt
51503.jpg,in striped and jeans standing with her hands in her pockets
51504.jpg,in a blue and jeans with a red belt
51505.jpg,in a blue and jeans standing with her hands in her pockets
51506.jpg,in black and jeans with blue belt
51507.jpg,in a blue and jeans with a red belt
51508.jpg,in a blue and black pants with a belt
51509.jpg,in a blue and jeans with a red belt
51584.jpg,in jeans and heels standing with her hands in her pockets
51585.jpg,in jeans and a striped standing with her hands in her pockets
51586.jpg,in jeans and heels
51587.jpg,in jeans and heels standing with her hands in her pockets
51591.jpg,in jeans and heels standing in front of a
51595.jpg,in jeans and heels standing with her hands in her pockets
51596.jpg,in black jeans and a white
51600.jpg,in jeans and heels standing with her hands on her hips
51601.jpg,in black pants and a white
51602.jpg,in jeans and a floral standing with her hands in her pockets
51603.jpg,in a floral and white pants
51604.jpg,in jeans and a floral standing with her hands in her pockets
51605.jpg,in black pants and a floral
51606.jpg,in jeans and sandals standing with her hands in her pockets
51607.jpg,in black jeans and a floral
51608.jpg,in a floral and black pants standing with her hands in her pockets
51609.jpg,in a floral and white pants
51610.jpg,in a blue and khaki pants
51611.jpg,in black pants and a blue
51612.jpg,in jeans and a floral standing with her hands on her hips
51613.jpg,in a green and jeans
51614.jpg,in white pants and a green
52133.jpg,a in tight black pants and a pink
52235.jpg,in a striped and jeans
52520.jpg,in a striped and khaki shorts
52522.jpg,in striped and jeans holding a pink purse
52523.jpg,in striped and jeans
52528.jpg,in a striped and jeans
52529.jpg,in red and black shorts standing with his hands on his hips
52536.jpg,in a floral and jeans holding a purse
52539.jpg,in jeans and heels standing with her hands on her hips
52547.jpg,in jeans and heels standing in front of a
52548.jpg,in jeans and a white
52553.jpg,in jeans and heels standing with her hands in her pockets
52554.jpg,in striped and jeans
52555.jpg,in striped and jeans standing with her hands in her pockets
52556.jpg,in striped and jeans
52557.jpg,in white and jeans holding a purse
53228.jpg,in a dress and tie
53248.jpg,in a dress and slacks
53252.jpg,in jeans and sneakers
53286.jpg,in a blue and jeans
53287.jpg,in a black and jeans
53296.jpg,in a red and jeans
53737.jpg,in a white and gray shorts
53752.jpg,in blue shorts and a blue standing
53753.jpg,in a blue and red shorts standing
53755.jpg,in blue and shorts
53776.jpg,a close up of a wearing a green shorts and a black
54051.jpg,a close up of a in black pants and a pink purse
54052.jpg,a close up of a wearing a dress with a pattern on it
54053.jpg,a close up of a in a short dress and sandals
54054.jpg,wearing a black apron and green leggings
54055.jpg,a close up of a in a short dress and orange leggings
54056.jpg,wearing a black apron and pink leggings
54057.jpg,a close up of a in a dress and sandals
54058.jpg,a close up of a in a green dress and green leggings
54059.jpg,a close up of a in a dress and sandals
5412.jpg,a close up of a baby ' s overalls with a tag on it
54192.jpg,in a blue and tan pants
54194.jpg,in a red and khaki pants
54225.jpg,in a blue and tan pants
54226.jpg,in a red and khaki pants
54334.jpg,in blue holding a yellow purse and a cell phone
54342.jpg,in black and blue leggings
5450.jpg,nike men ' s dry - fit shorts - blue
5451.jpg,a close up of a pair of blue shorts with white trim
5453.jpg,a close up of a pair of shorts with a black logo on the side
5454.jpg,a close up of a pair of black shorts with blue trim
5456.jpg,a close up of a pair of shorts with a yellow stripe
54792.jpg,in a gray and jeans
54794.jpg,in jeans and a t -
54796.jpg,in jeans and a t -
54800.jpg,in jeans and a t -
54896.jpg,a close up of a wearing camouflage pants with a dog patch on the side
54918.jpg,in a striped and khaki shorts
54919.jpg,in a striped and shorts
54924.jpg,a close up of a wearing a blue and white checkered boxers
54925.jpg,in white underwear
5575.jpg,a close up of a skirt with zippers on the side
5581.jpg,a close up of a skirt with a floral pattern on it
5586.jpg,there a brown skirt with leopard print on it
56795.jpg,in a blue and jeans with a red belt
56798.jpg,in jeans and a t -
56821.jpg,in a red and khaki shorts
56822.jpg,in a blue and khaki shorts
56827.jpg,in black and jeans
56828.jpg,in a red and blue and jeans
56829.jpg,in a brown and jeans
56843.jpg,in red and jeans
56844.jpg,in a purple and jeans
56845.jpg,in a striped and jeans
56846.jpg,in a plaid and jeans
56847.jpg,in a purple and jeans
56849.jpg,in red and jeans
56850.jpg,in blue and jeans
56852.jpg,in a plaid and jeans
57070.jpg,in white and blue jeans
57071.jpg,a close up of a in a polka dot and black pants
57072.jpg,in pink and jeans holding a purse
57073.jpg,in pink and jeans
57074.jpg,in black jeans and a striped
57075.jpg,in a pink and jeans
57076.jpg,in red and jeans holding a purse and talking on a cell phone
57077.jpg,in jeans and a black holding a yellow purse
57082.jpg,in a skirt and a necklace with a purse
57083.jpg,in a denim skirt and white with a red purse
57084.jpg,in a blue and a denim skirt
57085.jpg,there a standing in a skirt with red shoes
57086.jpg,in a pink skirt and white
57087.jpg,in a pink tank and a yellow skirt holding a pink purse
57088.jpg,a in a red and a green skirt
57089.jpg,in a blue and black skirt holding a purse
57090.jpg,in a skirt and a white holding a purse
57091.jpg,in a black dress and pink purse
57092.jpg,in a pink and white skirt holding a pink purse
57093.jpg,in short denim shorts and a pink purse
57094.jpg,in a pink and blue shorts holding a pink purse
57095.jpg,in a pink and black shorts
57136.jpg,in a striped and black pants with a belt
57137.jpg,in a red and khaki pants
57138.jpg,in a pink and brown pants holding a purse
57139.jpg,in black pants and a white
57140.jpg,in a blue and tan pants
57141.jpg,in a black jacket and green pants holding a purse
57209.jpg,araffed in pink and jeans standing with her hands on her hips
57214.jpg,araffed in a green and denim shorts
57215.jpg,in short shorts and boots standing with her hands in her pockets
57216.jpg,in a short skirt and boots
5761.jpg,a in a white and pink shorts
5762.jpg,in a white and blue shorts
5766.jpg,a in a pink tank and black pants
5768.jpg,a close up of a in a black tank and jeans
5771.jpg,a close up of a in a pink tank and jeans
5773.jpg,in white and black shorts
57824.jpg,in black and green pants
5788.jpg,in pink shorts and white
5789.jpg,in a pink tank and blue shorts
57893.jpg,in white and tan pants standing with her hands in her pockets
57894.jpg,a close up of a in a white and blue pants
57896.jpg,in white shorts and a yellow
57899.jpg,in a short skirt and high heels
57922.jpg,a in tights and a colorful stands with her hand on her hip
57923.jpg,araffes wearing a short skirt and tights with a colorful
57924.jpg,in red tights and a colorful
57925.jpg,a in tight jeans and a tank with a picture of a in tight jeans and a tank with a picture of a in tight jeans and a picture
5804.jpg,in a black tank and jeans
58222.jpg,in striped and jeans standing with her hands in her pockets
58411.jpg,in a blue and jeans
58418.jpg,in a striped and jeans
58491.jpg,a close up of a wearing a white and green shorts
58560.jpg,in jeans and heels holding a purse and a purse
58561.jpg,in jeans and a pink
58562.jpg,in jeans and heels standing with her hands in her pockets
58571.jpg,in a yellow and black shorts
59813.jpg,in a green and khaki pants with his hands in his pockets
59814.jpg,in a blue and blue pants with a belt
6521.jpg,nike shorts with logo on the side
6522.jpg,a close up of a white tennis short with a black logo
6524.jpg,nike performance - shorts - blue void / white
6525.jpg,nike shorts with side stripe in yellow
6527.jpg,nike shorts with side stripe
6532.jpg,a close up of a pink tennis skirt with white trim
6536.jpg,nike shorts with zippers and pockets
6564.jpg,a close up of a pair of shorts with a green logo
6566.jpg,in a blue and black shorts with a green logo
6574.jpg,nike women ' s tennis short white
6579.jpg,in shorts and sneakers
6857.jpg,in a black and a skirt
6860.jpg,in a white and black skirt
6862.jpg,in a short dress
6864.jpg,in a white tank and a pink skirt
6866.jpg,in black pants and a white tank
6896.jpg,in black pants and a white
6898.jpg,in a white and a white skirt
6977.jpg,in a black and khaki shorts
7028.jpg,in a blue and plaid shorts
7029.jpg,in a blue and white shorts
7179.jpg,a close up of a in jeans and sandals posing
7180.jpg,in jeans and flats standing with her hands in her pockets
7185.jpg,in jeans and flats standing with her hands on her hips
7186.jpg,in jeans and sandals standing with her hands in her pockets
7187.jpg,in white and black pants
7188.jpg,in jeans and flats standing with her hands in her pockets
7189.jpg,in white and blue jeans
7190.jpg,a close up of a in a white and black pants
7191.jpg,in grey pants and sandals
7192.jpg,a close up of a in a white and gray pants
7193.jpg,a in a white and jeans
7432.jpg,in a black and grey shorts with a cell phone
7433.jpg,in shorts and sneakers
7491.jpg,nike shorts with side stripe in pink and navy
7497.jpg,nike women ' s court short purple
7533.jpg,a close up of a pair of shorts with a blue logo on the side
7542.jpg,a close up of a white shorts with black letters on it
7557.jpg,nike shorts with orange trims and a white side stripe
7631.jpg,in a red and blue shorts with a tennis racket
7633.jpg,in a red and black shorts with a tennis racket
7687.jpg,in a red and white shorts with a tennis racket
7688.jpg,in a red and grey shorts with a white logo on his chest
7707.jpg,in red and jeans
7708.jpg,in a red and jeans
7709.jpg,in red and jeans standing with her hands in her pockets
7875.jpg,in black shorts and orange shoes
7878.jpg,in a black and white shorts with a yellow tie
7879.jpg,in a blue and grey shorts with a cell phone
7882.jpg,in shorts and sneakers
7883.jpg,in a blue and gray shorts with a tennis racket
7892.jpg,in a white and grey shorts with a red shoe
7895.jpg,in shorts and sneakers
7896.jpg,in blue and shorts with a soccer ball
7898.jpg,in a gray and red shorts with a black and white
7902.jpg,in a white and plaid shorts
7935.jpg,in a blue and black shorts
7956.jpg,in grey shorts and black
8397.jpg,in a blue and black shorts with a tennis racket
8406.jpg,in a blue and white shorts
8493.jpg,in a white tank and black skirt
8494.jpg,in a white tank and a tan skirt
8495.jpg,in a black and a blue skirt
8496.jpg,in a white tank and a yellow skirt
8497.jpg,in a black and white skirt
8498.jpg,in a black and a plaid skirt
8499.jpg,in a white tank and a pink skirt
8501.jpg,in a white tank and a green skirt
8834.jpg,in a pink and black pants
8835.jpg,in khaki pants and a white
8837.jpg,in a blue and khaki pants
8838.jpg,in blue and khaki pants
8839.jpg,in blue and black pants
8840.jpg,in red and black pants
8841.jpg,in a red and white pants holding his hands up
8842.jpg,in a white and khaki pants
8843.jpg,in a blue and khaki pants
8844.jpg,in blue and khaki pants
8845.jpg,in a blue and khaki pants
8846.jpg,in a white and khaki pants
8880.jpg,in a white and black pants
8881.jpg,in a white and blue pants
8882.jpg,in a white and black pants standing
8883.jpg,in a white and gray pants with a black belt
8884.jpg,in a black and white pants with his hands in his pockets
8885.jpg,in a white and khaki pants
8892.jpg,in blue pants and a blue standing
8901.jpg,in a white and gray pants standing
8903.jpg,in a white and khaki pants
8904.jpg,in a pink and khaki pants with his hands in his pockets
8905.jpg,in a white and khaki pants
8937.jpg,in a white and black pants
8946.jpg,in a red and tan pants with his hands in his pockets
8947.jpg,in a white and gray pants
8948.jpg,in a blue and gray pants with his hands in his pockets
8949.jpg,in a white and gray pants
8950.jpg,in a green and khaki pants with his hands in his pockets
8951.jpg,in a red and black pants
8952.jpg,in a white and blue pants standing
8954.jpg,in a white and black pants holding his hands up
8955.jpg,in a white and gray pants with a black belt
9075.jpg,in shorts and sneakers
9079.jpg,in black shorts and sneakers
9081.jpg,in a pink shorts and a blue
9095.jpg,in a blue and black shorts with a tennis racket
9099.jpg,in blue shorts and sneakers
9141.jpg,in red and jeans
9142.jpg,in jeans and sandals
9143.jpg,in a pink and jeans standing with her hands in her pockets
9144.jpg,in jeans and sandals standing with her arms crossed
9145.jpg,in jeans and sandals
9146.jpg,in jeans and sandals standing with her hands in her pockets
9147.jpg,in jeans and sandals
9148.jpg,in jeans and sandals
9149.jpg,in jeans and sandals
9150.jpg,in a white and black pants with a colorful polka dot
9158.jpg,in jeans and sneakers standing with his arms crossed
9160.jpg,in jeans and sneakers
9161.jpg,in jeans and sneakers
9162.jpg,in jeans and sneakers
9163.jpg,in jeans and sneakers
9164.jpg,in jeans and sneakers
9166.jpg,in jeans and sneakers
9167.jpg,in jeans and sneakers standing with his arms crossed
9168.jpg,in jeans and sneakers
9169.jpg,in jeans and sneakers
9170.jpg,in jeans and sneakers
9171.jpg,in jeans and sneakers
9173.jpg,in jeans and sneakers
9174.jpg,in jeans and sneakers standing with his arms crossed
9175.jpg,in jeans and sneakers
9176.jpg,in jeans and sneakers
9177.jpg,in jeans and sneakers
9178.jpg,in jeans and sneakers
9179.jpg,in jeans and sneakers
9186.jpg,in blue and jeans
9187.jpg,in jeans and sneakers
9189.jpg,in blue and jeans standing with his hands on his hips
9191.jpg,in jeans and sneakers standing with his hands on his hips
9195.jpg,in blue and jeans
9331.jpg,in shorts and sneakers
9342.jpg,in black and blue shorts standing with his hands on his hips
9343.jpg,in black and khaki shorts
9345.jpg,in a black and green plaid shorts
9346.jpg,in plaid shorts and black
9348.jpg,in shorts and sneakers
9508.jpg,in a green and black shorts
9510.jpg,in a green and white shorts
9529.jpg,in a black and gray shorts with a tennis racket
9672.jpg,in a blue and black shorts
9673.jpg,in a blue and black shorts
9674.jpg,in a blue and black shorts
9685.jpg,in a blue and white shorts
9773.jpg,in blue and shorts holding a basketball ball
9782.jpg,in a blue and white shorts
9852.jpg,in a plaid and khaki pants with a belt
9854.jpg,in a blue and black pants with a skateboard
9877.jpg,in a dress and tie
9892.jpg,in a plaid and white pants
9894.jpg,in a plaid and black pants
9900.jpg,in jeans and loafers
9901.jpg,in jeans and a white
9902.jpg,in a blue and jeans
9903.jpg,in a grey and blue jeans with a skateboard
9950.jpg,in black shorts and white
9993.jpg,in a black and tan pants with her feet on the ground
9994.jpg,a close up of a denim skirt with a green belt
9995.jpg,a close up of a skirt with a plaid pattern on it
